,,Name,Date,Likes,isHearted,isPinned,Comment,"Profile ID","Comment ID","Comment URL"
1,,@AlejandroGuzman-bi4wg,"2025-11-17 23:56:21",1,yes,no,"Está arreglado",UCbQO_BmYUVhoBxjRCI4D0Tw,Ugzi-RMAOWwJththepp4AaABAg,https://www.youtube.com/watch?v=Fg6UbUrwC4U&lc=Ugzi-RMAOWwJththepp4AaABAg
2,,@AlejandroGuzman-bi4wg,"2025-11-17 23:56:21",1,yes,no,"Tenía que haber ganado Parisi.hicieron trampa",UCbQO_BmYUVhoBxjRCI4D0Tw,UgyBTIpt7dz46X2m_qV4AaABAg,https://www.youtube.com/watch?v=Fg6UbUrwC4U&lc=UgyBTIpt7dz46X2m_qV4AaABAg
3,,@Aurélio-r5u,"2025-11-17 23:56:21",1,yes,no,"Con o sin los votos del metido a gurú de parisi ,kast igual va a vencer las elecciones, es que esta gente idi…a de Chile le llenan tanto la bola a este parisi !! Este es apenas un apenas y nada más que eso",UCgabgTcVHnvxdXOb23cVNXQ,UgwbZzwX-CFwdcCc3ch4AaABAg,https://www.youtube.com/watch?v=Fg6UbUrwC4U&lc=UgwbZzwX-CFwdcCc3ch4AaABAg
4,,@CarlosAndresCortez,"2025-11-17 23:56:21",1,yes,no,"Si Kast no gana Chile se va a la m…. Después de Boric , Bachelet y cuánto incapaz a gobernado el país está irreconocible",UC6EgAAGsEbyECP0ILtJtdCw,UgxgAqkv_w3XoAcOjr94AaABAg,https://www.youtube.com/watch?v=Fg6UbUrwC4U&lc=UgxgAqkv_w3XoAcOjr94AaABAg
5,,@KathyRoss,"2025-11-17 23:56:21",1,yes,no,"No entiendo como la gente puede ser tan ilusa y seguir creyendo en política, no existe ningún político que no sea mentiroso, lo que hay que hacer es dejar de ir a votar para colapsar el sistema y forzar que realmente nos pongan candidatos que valgan la pena y solo entonces ir a votar, sin votantes no pueden hacer elecciones, el poder esta en el pueblo y no en estos mentirosos.",UCYs767Rnesq1T-YWPhK23qw,UgwFS9y7E6u3k_I9-7R4AaABAg,https://www.youtube.com/watch?v=Fg6UbUrwC4U&lc=UgwFS9y7E6u3k_I9-7R4AaABAg
6,,@PaolaXimena-i5o,"2025-11-17 23:56:21",1,yes,no,"HolaQue lata y que desilucion.La gente ya no quieren más derecha e izquierda,.Me da mucha tristeza que no sea presidente Parisi,a él le robaron los votos El presidente,ves el presidente que Chile  y los Chilenos queremos.Robo de votos, se paseaban y se paseaban con las cajas con los votos.",UCCi2mUQoWx8PoVFBJ20g07Q,UgyxRAEhfLEn_Ug7Uc94AaABAg,https://www.youtube.com/watch?v=Fg6UbUrwC4U&lc=UgyxRAEhfLEn_Ug7Uc94AaABAg
7,,@go-iy1kv,"2025-11-17 23:56:21",3,yes,no,"Ahora todos con Kast",UCac5gHbyXzWJDm84OsD89Wg,Ugxoy8cQegIfmdXvyjd4AaABAg,https://www.youtube.com/watch?v=Fg6UbUrwC4U&lc=Ugxoy8cQegIfmdXvyjd4AaABAg
8,,@joacalele123,"2025-11-17 23:56:21",1,yes,no,"Desesperada por los votos JaritaAhora quiere recopilar todas las ideas jajajajajajaja",UCIeSLe67THpLEu-ODWi1aDQ,UgzCLBs7Tn-1J8zRUdR4AaABAg,https://www.youtube.com/watch?v=Fg6UbUrwC4U&lc=UgzCLBs7Tn-1J8zRUdR4AaABAg
9,,@juanespinozavaldes4757,"2025-11-17 23:56:21",1,yes,no,"-- ESTA VEZ HAN GANADO LOS INDECISOS ,LOS TEMEROSOS Y LOS QUE NO ENTIENDEN MUY BIEN  EL ASUNTO.  NO LOGRAN DARSE CUENTA QUE LA DERECHA ES SINONIMO DE RIQUEZA Y PODER SOBRE EL INDEFENSO . A LOS ULTRADERECHISTAS SOLO LES PREOCUPA GANAR Y AUMENTAR EL DINERO QUE POSEEN .  A LA DERECHA NO LE IMPORTA  ESA FAMILIA QUE VIVE CON CARTONES AL LADO DE UN RIO O JUNTO A LA INMUNDICIA.  A LA ULTRADERECHA REPUBLICANA PINOCHETISTA Y CON SABOR A DICTADURA NO LE IMPORTA LAPOBREZA NI EL SUFRIMIENTO . SOLO LO MENCIONAN EN SUS FALSOS DISCURSOS .  GENTE DEL PUEBLO .... NO TRAICIONEMOS TANTOS AÑOS DE LUCHA QUE LA IZQUIERDA HA DADO CONTRA LA INHUMANA DERECHA . NO TRAICIONEMOS  A TANTA GENTE QUE HA REGALADO SU VIDA POR CONSEGUIR UNA MEJOR CALIDAD DE VIDA PARA LA GENTE POBRE . NO TRAICIONEMOS AL PRESIDENTE SALVADOR ALLENDE .  UN HOMBRE DE PALABRA QUE CUMPLIO , CUANDO EL MALDITO  11 DE SEPTIEMBRE SALIO DE MADRUGADA DESDE SU HOGAR CON SU UNIFORME , SU CASCO Y METRALLETA A DEFENDER LA VOLUNTAD DEL PUEBLO QUE LO ELIGIO . FUE A ENTREGAR SU VIDA AL LUGAR DE LOS HECHOS Y NO A ARRANCAR COMO RATAS A ESCONDERSE VEINTE METROS BAJO TIERRA Y DESDE AHÍ DAR LAS ORDENES .  PUEBLO CHILENO NO CAVEN SU TUMBA . NO SACARAN NADA CON LLORAR QUE LES QUITARON ESTO Y LO OTRO .  A LA DERECHA SOLO LES IMPORTA SUS INTERESES ECONOMICOS Y SUS AFP QUE DAN MILLONES Y MILES DE MILLONES DE GANANCIAS. -- DEBEMOS UNIRNOS Y SIN MIEDO DEMOS ,POR ULTIMO,  LA ULTIMA OPORTUNIDAD A LA IZQUIERDA.-",UCtuKRxDpzEO7q94_tFaWLjg,UgxXnaqgxXKMQoO05wV4AaABAg,https://www.youtube.com/watch?v=Fg6UbUrwC4U&lc=UgxXnaqgxXKMQoO05wV4AaABAg
10,,@julioalamo3197,"2025-11-17 23:56:21",1,yes,no,"Voten a conciencia pueblo de Chile ,si eligen uno de derecha van a terminar como Argentina",UC9ArwLuFjTf7MY7sS91dCiA,UgwC9eMIFbESXLIKaLB4AaABAg,https://www.youtube.com/watch?v=Fg6UbUrwC4U&lc=UgwC9eMIFbESXLIKaLB4AaABAg
11,,@nari-b1h,"2025-11-17 23:56:21",1,yes,no,"HABLAR NO CUESTA NADA, Y COPIAR MENOS  !!!!!!! ES UNA INUTIL",UC1pWPsu4hB6XpPVVPmlIptA,Ugws1knQcddvXIeWzuV4AaABAg,https://www.youtube.com/watch?v=Fg6UbUrwC4U&lc=Ugws1knQcddvXIeWzuV4AaABAg
12,,@ritadaniels1334,"2025-11-17 23:56:21",1,yes,no,FRAUDE,UCyAFZUlovY9r854ncSoWsiQ,UgwUg1tTskwQrH4cTpZ4AaABAg,https://www.youtube.com/watch?v=Fg6UbUrwC4U&lc=UgwUg1tTskwQrH4cTpZ4AaABAg
13,,@undergroundx12,"2025-11-17 23:56:21",1,yes,no,"EL QUE QUIERA QUE ESTE PAÍS SE TRANSFORME EN UN PAÍS..... BANANERO...QUE VOTE POR LA TEMPORERA....",UCcOD_Zc7_rrMlrqgAnG7d9g,UgzW5Wl83Oxjrv2NZlR4AaABAg,https://www.youtube.com/watch?v=Fg6UbUrwC4U&lc=UgzW5Wl83Oxjrv2NZlR4AaABAg
14,,@veronicacaceres3195,"2025-11-17 23:56:21",2,yes,no,"Kast presidente un hombre con educación respetuoso que pondrá  mano dura a los delincuentes.",UCjkO395Yd6govWzKjmrOOag,Ugy7T_9a2uAP143YWfV4AaABAg,https://www.youtube.com/watch?v=Fg6UbUrwC4U&lc=Ugy7T_9a2uAP143YWfV4AaABAg
15,,@50.Coyeeyo,"2025-11-17 23:56:25",2,yes,no,"AHORA VIENE. LA CAMPAÑA DEL TERROR DE LA DERECHAS  PARA CREAR CAOS Y LOS CANALES DE TELEVISION SE ENCARGAN DE DIFUNDIRLA.",UC17Goidgt4MBKl8OgGrkLoA,UgwUyBswmYbpVwxfZ0t4AaABAg,https://www.youtube.com/watch?v=Fg6UbUrwC4U&lc=UgwUyBswmYbpVwxfZ0t4AaABAg
16,,@AbrahamOsall,"2025-11-17 23:56:25",1,yes,no,"Parisi  ya fuiste jjajajajajjajajajajajjajajajajajjajajajajajajajjajaa",UC9obIdRDLji0NWcp3h3iGcw,UgzuSnK0AHAu6Bvw1454AaABAg,https://www.youtube.com/watch?v=Fg6UbUrwC4U&lc=UgzuSnK0AHAu6Bvw1454AaABAg
17,,@AlejandroAhern,"2025-11-17 23:56:25",1,yes,no,"Jara debe renunciar y ceder su lugar a   Franco Parisi",UC0PgXWpXAqnKnAWmdOE7M1w,UgxRrumyg0C3fpUzkLt4AaABAg,https://www.youtube.com/watch?v=Fg6UbUrwC4U&lc=UgxRrumyg0C3fpUzkLt4AaABAg
18,,@BanqueroGamer,"2025-11-17 23:56:25",3,yes,no,"Kast con Kaiser y Matthei y con gente preparada y adecuada para posiciones claves en un futuro gobierno. Jara con puros teletubies, tremenda diferencia.",UCeQdwpRHlD0cClxE9G3OU_w,UgxMDSljmhH2-T05PRB4AaABAg,https://www.youtube.com/watch?v=Fg6UbUrwC4U&lc=UgxMDSljmhH2-T05PRB4AaABAg
19,,@Jess-vp1xm,"2025-11-17 23:56:25",1,yes,no,"No queda otra que votar por lo menos malo... De nuevo",UCFrUjNautz6vXJpYbLtSW9Q,Ugw7vKTGaatQYPfzGPZ4AaABAg,https://www.youtube.com/watch?v=Fg6UbUrwC4U&lc=Ugw7vKTGaatQYPfzGPZ4AaABAg
20,,@MiPrincesawanda,"2025-11-17 23:56:25",5,yes,no,"KAISER ES EL PRESIDENTE PARA UN PAIS VALIENTE NO PARA UNO CASTRADO.",UCigDx3xkYr7UN7zbguuEoNw,UgzIDxcNs1TVUrqBvvp4AaABAg,https://www.youtube.com/watch?v=Fg6UbUrwC4U&lc=UgzIDxcNs1TVUrqBvvp4AaABAg
21,,@danielaguerrachavarriga6571,"2025-11-17 23:56:25",1,yes,no,"CORTAN LA SERIE QUE PASA AQUI",UCqCoJZF42ACLfEmnU6MXoqA,UgxrlLLZnF9gpUagE5d4AaABAg,https://www.youtube.com/watch?v=Fg6UbUrwC4U&lc=UgxrlLLZnF9gpUagE5d4AaABAg
22,,@danielaguerrachavarriga6571,"2025-11-17 23:56:25",1,yes,no,"HAY FRAUDE, SE DEBE DE REPETIR YA QUE ALGO RARO HAY, COMO HAN CONTADO TAN RAPIDO LOS VOTOS , LA GENTE NO VEE LO QUE PASA ENTREMEDIO, ESTO ES RSRISIMO, DEBE HACERSE DE NUEVO Y SUPERVISADO POR MILITARES, NO ME CUADRA",UCqCoJZF42ACLfEmnU6MXoqA,UgwNCuBLCRh4lW_bL4d4AaABAg,https://www.youtube.com/watch?v=Fg6UbUrwC4U&lc=UgwNCuBLCRh4lW_bL4d4AaABAg
23,,@danielaguerrachavarriga6571,"2025-11-17 23:56:25",2,yes,no,"INCLUSO COLOVAR GRABADORAS EN LAS SALAS Y SUPERVISORES",UCqCoJZF42ACLfEmnU6MXoqA,Ugxcz_0rsk27B8D6fz54AaABAg,https://www.youtube.com/watch?v=Fg6UbUrwC4U&lc=Ugxcz_0rsk27B8D6fz54AaABAg
24,,@danielaguerrachavarriga6571,"2025-11-17 23:56:25",1,yes,no,"PORQUE SACAN LOS NUMEROS DE LOS VOTOS",UCqCoJZF42ACLfEmnU6MXoqA,UgxVavwYAm3TcZZb1qx4AaABAg,https://www.youtube.com/watch?v=Fg6UbUrwC4U&lc=UgxVavwYAm3TcZZb1qx4AaABAg
25,,@dustsans935,"2025-11-17 23:56:25",1,yes,no,"si gana jara el pais se va ala mierda y mas va aver un golpe de estado yo digo no mas",UCWqfll8pEUAnF0m5L-Ebk1A,UgztUN9OxtsQZ8SeUAZ4AaABAg,https://www.youtube.com/watch?v=Fg6UbUrwC4U&lc=UgztUN9OxtsQZ8SeUAZ4AaABAg
26,,@jaimevenegas8797,"2025-11-17 23:56:25",1,yes,no,"Todos LOS Q DICEN ÉL VOTO ES SECRETO SON AMARILLOS COMO VIDAL Y LOS FERIANOS",UCgUuyUTTjdGIUEzgMqp48YQ,Ugwgy0rCtxIDM1p7ReB4AaABAg,https://www.youtube.com/watch?v=Fg6UbUrwC4U&lc=Ugwgy0rCtxIDM1p7ReB4AaABAg
27,,@joseemilionavarretepalomin9098,"2025-11-17 23:56:25",1,yes,no,"Considero que Jara no debe presentarse a la segunda vuelta, sería de sentido común. Nos evitamos gastos y pérdida de tiempo. Cómo dice el dicho engordar para morir flaca.Los kakamierda han ganado y se proyectan para largo. Es como ver la obra de teatro del ictus, se vende lindo país con esquinacon vista al marKast y Kaiser contra los migrantes y vienen de migrantes. A un buen fascista estos tipejos les producen repulsa.Viviremos en un estado policial o una dictadura civil, ya que ambos kaka señalaron en sus discursos y presentaciones que se puede gobernar por decreto. Órdenes ejecutivas le llama el colorín del norte.Debemos ver el lado bueno: rebajas de impuestos, congelación de salario mínimo. Licitar los pocos recursos nacionales que no están en manos de privados, ir por la jornada de 12 horas laborales como en grecia, prohibir las huelgas, las protestas. Jibarizar al estado.",UCmysbYFGMrvLoa14VvWGEcA,Ugy0SRoua99X_i9FYhh4AaABAg,https://www.youtube.com/watch?v=Fg6UbUrwC4U&lc=Ugy0SRoua99X_i9FYhh4AaABAg
28,,@juanmaltes6163,"2025-11-17 23:56:25",1,yes,no,"Ni auke le Chupi la 🍄‍🟫 al parizi te alcanza los votos",UC17DPp0R0zlNGYcA3TLvdVQ,Ugz6C310MzTAioxDRPp4AaABAg,https://www.youtube.com/watch?v=Fg6UbUrwC4U&lc=Ugz6C310MzTAioxDRPp4AaABAg
29,,@mactbx-zs6ql,"2025-11-17 23:56:25",2,yes,no,"Hace 11 años vivía en un país de Centroamérica, donde ingresé a un grupo de misioneros católicos. Desde ese tiempo, entre ellos se hablaba de que se avecina una guerra en el mundo, entre otras cosas.Desde entonces, he pensado que Chile debería prepararse para algo así. Sinceramente, compadezco a quien resulte elegido presidente, porque no le tocará un periodo fácil.",UCkO4WxB7-Af7AE5QNipjPBw,UgzKapdRU-CdXjWy8IR4AaABAg,https://www.youtube.com/watch?v=Fg6UbUrwC4U&lc=UgzKapdRU-CdXjWy8IR4AaABAg
30,,@patriciomunoz5272,"2025-11-17 23:56:25",1,yes,no,😂😂😂😂😂🤮🤮🤮🤮🤮,UCoPaK5X-v0xumBw64ico0qA,UgxA52csm__7-JsFRQ94AaABAg,https://www.youtube.com/watch?v=Fg6UbUrwC4U&lc=UgxA52csm__7-JsFRQ94AaABAg
31,,@rasdios_sol4244,"2025-11-17 23:56:25",1,yes,no,"Ja  ja  ja 😂 😂 😂  no  se  cuando  los  políticos  han  escuchado  a  la  gente    cuando  se  han  adueñado  del  país  y  hacen  lo que  quieren ,  total  saben  que  los  borregos  🐑 🐑 🐑  igual  van  a  votar  por  ellos",UCgbx10rg2bM0BzZ_o1lDMVg,UgzvB8uK_TIVbG1Kmyx4AaABAg,https://www.youtube.com/watch?v=Fg6UbUrwC4U&lc=UgzvB8uK_TIVbG1Kmyx4AaABAg
32,,@remark9902,"2025-11-17 23:56:25",3,yes,no,"Apenas terminado uno de los debates en tv abierta, recuerdo un ""analista"" que metía a Parisi al saco de Artés, Meo y Harold como ""candidatos no competitivos"" que entorpecían y desviaban votos, lo encontré estúpido y desconectado del mundo esa vez, pero esa es una señal de la burbuja en la que estaban muchos. Prefería mil veces que la 2da vuelta sea un Parisi vs Jara, y que ahí gane el que tenga que ganar, a lo que terminó ocurriendo...",UC7rGAVoLymyLuH_-pk_pwyg,UgyHw-runtEwGOwxDIZ4AaABAg,https://www.youtube.com/watch?v=Fg6UbUrwC4U&lc=UgyHw-runtEwGOwxDIZ4AaABAg
33,,@rosemeneesteve7417,"2025-11-17 23:56:25",1,yes,no,Hola,UCyf5sS9ox5IYvrOqlzxSEDg,Ugx4ivxO_3Hi4LoenU14AaABAg,https://www.youtube.com/watch?v=Fg6UbUrwC4U&lc=Ugx4ivxO_3Hi4LoenU14AaABAg
34,,@trytomas,"2025-11-17 23:56:25",1,yes,no,"Parisi tenía ideas y las dijo, Kast puro humo y  culpando al gobierno, repitiendo como loro. Debió pasar Parisi a segunda con Jara.",UCYJrmi0GxAxP-yzIl1Xl1CQ,Ugy93O7KK1z1KY4i4z94AaABAg,https://www.youtube.com/watch?v=Fg6UbUrwC4U&lc=Ugy93O7KK1z1KY4i4z94AaABAg
35,,@Carol-Denisse8623,"2025-11-17 23:56:31",5,yes,no,"Todos son vendidos a la ONU sobre todo Kast, para que decir de Jara. Algunos con poner propuestas Europeas que estan a años luz de Chile, otros liberar a wns asesinos y poner mas estatuas si ya estamos hasta la mierda con Allende, Pinochet y aburridos de wns que llevan muchos años calentitos bajo tierra 👹 , otros ingresar a más inmigrantes a toda costa y lo otro quitar la manera de defenser de los  carabineros, ellos  van a tener que defender a los ciudadanos con el chipote chillon a lo Chapulin colorado ya que los ladrones, sicaros y otros son delicados para algunos candidatos. Debemos mirar hacia adelante con propuestas posibles y que no prometan tantas estupideses para sacar más votos.",UCm74qrTfYIUZ5zjGlQkmPUg,UgzsxBp4DWqYn2qEf-d4AaABAg,https://www.youtube.com/watch?v=Fg6UbUrwC4U&lc=UgzsxBp4DWqYn2qEf-d4AaABAg
36,,@Demoplayy,"2025-11-17 23:56:31",4,yes,no,"Si sale jara está claro que será igual o peor que el presente actual, la gente poco informada vota por qué candidato que tiene más ruido y cuentos lamentablemente",UCr_EwSYlsRHpFbNAOH0WqLQ,UgyUn7oC7JUbR7-Yv5R4AaABAg,https://www.youtube.com/watch?v=Fg6UbUrwC4U&lc=UgyUn7oC7JUbR7-Yv5R4AaABAg
37,,@Isml-f4q,"2025-11-17 23:56:31",1,yes,no,"La gente sigue pensando que esto funciona como un partido de fútbol, donde todos juegan para el mismo equipo. El presidente puede proponer o decir muchas cosas pero existen diputados, senadores, comisiones y procedimientos que intervienen. No depende de una sola persona, y mucho menos se mueve con la misma velocidad o dirección que la gente imagina y por eso esto se fue a extremos, es mejor una extensión del gobierno de boric antes que tener al ignorante de kast como presidente, la verdad es que no habrán grandes cambios salga quien salga",UCOwt5tRRyBnpUDbpwiNXsyg,UgyfDg9B3Ss0e1Vm1TV4AaABAg,https://www.youtube.com/watch?v=Fg6UbUrwC4U&lc=UgyfDg9B3Ss0e1Vm1TV4AaABAg
38,,@KevinCeledon-s3z6k,"2025-11-17 23:56:31",1,yes,no,"Ahí que bonito",UC1_ihG6hPM68CgnT7oO_Ewg,UgzRuX5BwunsF5NUs3B4AaABAg,https://www.youtube.com/watch?v=Fg6UbUrwC4U&lc=UgzRuX5BwunsF5NUs3B4AaABAg
39,,@MagalyRoxanaJaramilloCanci-x8s,"2025-11-17 23:56:31",1,yes,no,"FRAUDE HNOS LA IZQUIERDA ESTA NORMALIZADA DE ROBAR, MENTIR CON TOTAL IMPUNIDAD , ES AHORA QUE DEBEMOS LEVANTAR LA VOZ.   MAÑANA NO DEJARAN GOBERNAR A KAST EL LUMPEN Y TERRORISMO",UCZDbsblN3bMGcDE5zttfDMQ,Ugz21kSfAN1fSTgAMpR4AaABAg,https://www.youtube.com/watch?v=Fg6UbUrwC4U&lc=Ugz21kSfAN1fSTgAMpR4AaABAg
40,,@alexgallardo1980,"2025-11-17 23:56:31",1,yes,no,"El.Unico Punto Clave.. FRAUDE ELECTORAL y los canales de televisión Coludidos por el Silencio",UCnjn6C_KczadVO74mlLmdOw,Ugy5hJ4cKkqmRxkKw7d4AaABAg,https://www.youtube.com/watch?v=Fg6UbUrwC4U&lc=Ugy5hJ4cKkqmRxkKw7d4AaABAg
41,,@bernarditaramirezalvear3990,"2025-11-17 23:56:31",1,yes,no,"Periodista comunista",UCA7A2AKoXUKlLpBPmhrzJBQ,UgwxHC89BoMVWgL5FWR4AaABAg,https://www.youtube.com/watch?v=Fg6UbUrwC4U&lc=UgwxHC89BoMVWgL5FWR4AaABAg
42,,@claudiaguerrerobernal8201,"2025-11-17 23:56:31",1,yes,no,"LLAMADO A AMARILLOS A TRANSPARENTAR SU APOYO A LA 2 VUELTA",UCbX8szNR0oX-HCCdmNHodsQ,UgxshR2qBQprlu08Zid4AaABAg,https://www.youtube.com/watch?v=Fg6UbUrwC4U&lc=UgxshR2qBQprlu08Zid4AaABAg
43,,@hashisero,"2025-11-17 23:56:31",1,yes,no,"harto fachin pobre. harto bot por aca <3",UCSvOLwFBB5oDcPUKJNo2KJQ,Ugyq1C_vQbhj8Z6N2XF4AaABAg,https://www.youtube.com/watch?v=Fg6UbUrwC4U&lc=Ugyq1C_vQbhj8Z6N2XF4AaABAg
44,,@ivanrodrigozunigabeccerra6870,"2025-11-17 23:56:31",1,yes,no,"Ojo que hubo fraude electoral hay vídeos viralizados , en tík-tok y otras plataformas y de eso nadien habla.",UCtxv8BlgpI8k2QPKIMQ3n-g,UgwiC5qt18Adr8W1D1B4AaABAg,https://www.youtube.com/watch?v=Fg6UbUrwC4U&lc=UgwiC5qt18Adr8W1D1B4AaABAg
45,,@jaquelinemartinez5318,"2025-11-17 23:56:31",2,yes,no,"Esto es un juego de estrategia...tienen que ponerle suspenso a esta primera elección.No pierdan la esperanza ABAJO EL COMUNISMO🤮🤢👎La Jarra no tiene IDEA DE NIUNA WUEA, ANDA PURO RESCATANDO IDEAS😂 porque no tiene CEREBRO 🧠💩",UCB-x5q67627-foRtoCCRN-g,UgwmVbO2ov7lwzJK9jF4AaABAg,https://www.youtube.com/watch?v=Fg6UbUrwC4U&lc=UgwmVbO2ov7lwzJK9jF4AaABAg
46,,@jorgedaniel7997,"2025-11-17 23:56:31",1,yes,no,"COLGARSE DE LOS PROYECTOS DE LOS OTROS CANDIDATOS, TIPICO COMUNISTA",UCL-bMQcWRDiD4l3iXi9hgoA,UgyC_ofGtllnzlFsS514AaABAg,https://www.youtube.com/watch?v=Fg6UbUrwC4U&lc=UgyC_ofGtllnzlFsS514AaABAg
47,,@juanmaltes6163,"2025-11-17 23:56:31",1,yes,no,"Chaooo perdiste ya",UC17DPp0R0zlNGYcA3TLvdVQ,UgxQI3U7FnDf4iU7rjt4AaABAg,https://www.youtube.com/watch?v=Fg6UbUrwC4U&lc=UgxQI3U7FnDf4iU7rjt4AaABAg
48,,@marcelovillagran6366,"2025-11-17 23:56:31",1,yes,no,",.,el Punto Clave es que MILLONES de chilenos votaron democraticamente por la PORQUERIA anti democratica Comunista... la solucion es... Dividir Chile en DOS... Chile Norte para todos los que gustan de un Estado gigante protector que les regale Todo ... y Chile Sur, para los PATRIOTAS de trabajo y familia que NO NECESITAN del Estado para comer y vivir....",UCHfEAmtxLioL7yFkotzjvIg,Ugw_wf3j3zl7FsLuyfV4AaABAg,https://www.youtube.com/watch?v=Fg6UbUrwC4U&lc=Ugw_wf3j3zl7FsLuyfV4AaABAg
49,,@nancymurillo4728,"2025-11-17 23:56:31",1,yes,no,"Apoyar ha kas fuera l9s zurdos",UC6_uie3XJAbW_1QhKAZImig,UgyLoUiUnZy9202WIyB4AaABAg,https://www.youtube.com/watch?v=Fg6UbUrwC4U&lc=UgyLoUiUnZy9202WIyB4AaABAg
50,,@osepulvedao,"2025-11-17 23:56:31",1,yes,no,"la wna care raja",UCHVZiRj6rLYKxSlFn0PPViw,Ugxzb3ixFXc_Vs9F6jt4AaABAg,https://www.youtube.com/watch?v=Fg6UbUrwC4U&lc=Ugxzb3ixFXc_Vs9F6jt4AaABAg
51,,@soniabarreraflores2405,"2025-11-17 23:56:31",1,yes,no,"llo a pollo antoino",UC65oZluX_fUvBPzuEOD0YnQ,UgzgfiQX2kicNIhZDhN4AaABAg,https://www.youtube.com/watch?v=Fg6UbUrwC4U&lc=UgzgfiQX2kicNIhZDhN4AaABAg
52,,@soniabarreraflores2405,"2025-11-17 23:56:31",1,yes,no,"por que la jara escegi conmo segil con el mimo presidente quetenemo que no aecho nada bueno por el pai lajara es como el bori",UC65oZluX_fUvBPzuEOD0YnQ,UgxpQJDFRsEGtxuxQK14AaABAg,https://www.youtube.com/watch?v=Fg6UbUrwC4U&lc=UgxpQJDFRsEGtxuxQK14AaABAg
53,,@soniabarreraflores2405,"2025-11-17 23:56:31",1,yes,no,"quero conmo presidente en chile al mejoro como antonio casi",UC65oZluX_fUvBPzuEOD0YnQ,UgzHhgriFeB9V9uavvd4AaABAg,https://www.youtube.com/watch?v=Fg6UbUrwC4U&lc=UgzHhgriFeB9V9uavvd4AaABAg
54,,@svgclinicadental2983,"2025-11-17 23:56:31",1,yes,no,"Parece que le sacaron los votos de Kaiser para darselos a Parisi.Sería bueno un reconteo.",UCGaTFtctLl6JsXb4h8WKY8A,Ugwmh3jyalesW86fn4R4AaABAg,https://www.youtube.com/watch?v=Fg6UbUrwC4U&lc=Ugwmh3jyalesW86fn4R4AaABAg
55,,@ArthurVerlaine615,"2025-11-17 23:56:35",10,yes,no,"Toda mi familia y amigos votamos por Parisi y Matthei para frenar a Kast, ahora todos votaremos por Jara, como dijo Parisi jamás un cuico de extrema derecha puede ser presidente en Chile, sería nefasto Chile se volvería un infierno.",UCHbAdZviQQF3iTK6VSWDZrw,Ugz6SDQ5PU1ZOFukWHx4AaABAg,https://www.youtube.com/watch?v=Fg6UbUrwC4U&lc=Ugz6SDQ5PU1ZOFukWHx4AaABAg
56,,@CEHPLAY,"2025-11-17 23:56:35",1,yes,no,"mi opinion fraude electoral, cadem servel las encuestas todo manipulado para jugar con laa opinon publica  por que a parisi le daban 4%",UCkQrT1IhkIBp9xkfQSnJSrQ,UgwTGfV3k045Gd6FsCZ4AaABAg,https://www.youtube.com/watch?v=Fg6UbUrwC4U&lc=UgwTGfV3k045Gd6FsCZ4AaABAg
57,,@Fungi1997,"2025-11-17 23:56:35",1,yes,no,"La gente es weona y van a votar por kast. País de decepciones sin fin wn.",UCkqfkwzsnUgBenAF7m93dAw,UgyXlokj0ff4M-vhcbx4AaABAg,https://www.youtube.com/watch?v=Fg6UbUrwC4U&lc=UgyXlokj0ff4M-vhcbx4AaABAg
58,,@MaryMedina-e9k,"2025-11-17 23:56:35",2,yes,no,"CRISTO PARA CHILE,SOLO MI SEÑOR PUEDE LEVANTAR UN REY SEGÚN SU MISERICORDIA,DIOS TENGA MISERICORDIA DE ESTA MI PATRIA Y LA LEVANTE PARA SU GLORIA.❤",UCvKWKK53MviP5Au7HGibpaQ,UgxqXXNXyyYHmD7o9sJ4AaABAg,https://www.youtube.com/watch?v=Fg6UbUrwC4U&lc=UgxqXXNXyyYHmD7o9sJ4AaABAg
59,,@MaryMedina-e9k,"2025-11-17 23:56:35",4,yes,no,"POR CIERTO,UFFFF,COPIANDO LAS TAREAS 😮",UCvKWKK53MviP5Au7HGibpaQ,UgyUxMHbBwdye-_JaN94AaABAg,https://www.youtube.com/watch?v=Fg6UbUrwC4U&lc=UgyUxMHbBwdye-_JaN94AaABAg
60,,@aldoviacava5429,"2025-11-17 23:56:35",1,yes,no,"Ahora se viene el gobierno facista, se vienen las juventudes alemanas, los bailes de huasos en las empresas, adiós las 40 horas, chao ley Karin, chao leyes laborales, jubilación a los 85 años para hombres y 75 mujeres, chao ley de divorcio, ese es mi Chile.",UC9Iz2EKNZc2nNPBC0gFc3Ww,UgyN6Iwssdpew2SPivl4AaABAg,https://www.youtube.com/watch?v=Fg6UbUrwC4U&lc=UgyN6Iwssdpew2SPivl4AaABAg
61,,@alfredogomez1613,"2025-11-17 23:56:35",1,yes,no,"Vamos por kast!!  Por favor ! La jara va quedar la embarrada",UC5vOrrBW2RjErHswKpwyQ2g,UgxC7-ep_rISmT6wlmZ4AaABAg,https://www.youtube.com/watch?v=Fg6UbUrwC4U&lc=UgxC7-ep_rISmT6wlmZ4AaABAg
62,,@axxxel3288,"2025-11-17 23:56:35",4,yes,no,"La salud esta como la mierda en chile, y si sale jara seguirá siendo igual a a aaaaaaa",UCNFa0JyQ6m5rXYk3v-F537w,Ugx2xgs0U3gsMhzwAMJ4AaABAg,https://www.youtube.com/watch?v=Fg6UbUrwC4U&lc=Ugx2xgs0U3gsMhzwAMJ4AaABAg
63,,@cpt.genechi,"2025-11-17 23:56:35",1,yes,no,"Puntos claves: los ""analistas politicos"" que invitan no sirven para nada y las encuestas son solo humo... Fin",UCpiRpWxOMnWmvqRgcQAhonA,Ugz7D8aBniAgOOLSjiR4AaABAg,https://www.youtube.com/watch?v=Fg6UbUrwC4U&lc=Ugz7D8aBniAgOOLSjiR4AaABAg
64,,@eliasherreralmonacid,"2025-11-17 23:56:35",1,yes,no,"Por fin la izquierda se va",UCUqD_YDypRBclIdQcXPeCCA,UgzRjoN6Pho8m-GBehx4AaABAg,https://www.youtube.com/watch?v=Fg6UbUrwC4U&lc=UgzRjoN6Pho8m-GBehx4AaABAg
65,,@froilan7503,"2025-11-17 23:56:35",1,yes,no,"Esa es igual que Chávez Fidel y otros prometen a los pobres y los hacen más pobres yo soy cubano y conosco las promesas",UCgMr3BGcnXjdSRA24jC_Yng,UgziQ-4mjOUgAfW1Aa14AaABAg,https://www.youtube.com/watch?v=Fg6UbUrwC4U&lc=UgziQ-4mjOUgAfW1Aa14AaABAg
66,,@froilan7503,"2025-11-17 23:56:35",9,yes,no,"Si quieren miseria y falsas promesas voten por esa cara dura yo si se lo que es socialismo que país es próspero con socialismo ninguno",UCgMr3BGcnXjdSRA24jC_Yng,Ugy3VsvXk5ESJxmPEmB4AaABAg,https://www.youtube.com/watch?v=Fg6UbUrwC4U&lc=Ugy3VsvXk5ESJxmPEmB4AaABAg
67,,@froilan7503,"2025-11-17 23:56:35",1,yes,no,"Socialismo y mierda es lo mismo miren Venezuela. Creyeron en Chávez y viven en miseria",UCgMr3BGcnXjdSRA24jC_Yng,UgwtKL-BdU7vjnOxXut4AaABAg,https://www.youtube.com/watch?v=Fg6UbUrwC4U&lc=UgwtKL-BdU7vjnOxXut4AaABAg
68,,@froilan7503,"2025-11-17 23:56:35",1,yes,no,"Yo soy cubano y el socialismo es asco me tuve que ir para salvar a mis hijos que ni leche tenían cuando niño",UCgMr3BGcnXjdSRA24jC_Yng,UgwgGGpst1HtFuTLLeN4AaABAg,https://www.youtube.com/watch?v=Fg6UbUrwC4U&lc=UgwgGGpst1HtFuTLLeN4AaABAg
69,,@hugocordero4793,"2025-11-17 23:56:35",4,yes,no,"Jara y el Borig solo gobiernan para el 30%de comunistasY no les gusta chileSolo quieren el recurso",UCBSxN11m542oMXgI6DHpNbw,UgwA78G1a0ImkJ-YrIF4AaABAg,https://www.youtube.com/watch?v=Fg6UbUrwC4U&lc=UgwA78G1a0ImkJ-YrIF4AaABAg
70,,@lilarojas6656,"2025-11-17 23:56:35",2,yes,no,"Boris no hizo nada Ocea jara no va a ser Nada ?No queremo lo mismo ..",UCXWoaNnI84su_HTo3pYXNaQ,Ugx427J2ThLGJfUHb5Z4AaABAg,https://www.youtube.com/watch?v=Fg6UbUrwC4U&lc=Ugx427J2ThLGJfUHb5Z4AaABAg
71,,@marianefontechen3794,"2025-11-17 23:56:35",1,yes,no,"SI PARESI ES INTELIGENTE  APOYARA A KAST  ES LA UNICA FORMA DE SALVAR ESTE PAIS  Y SI SMA TANTO A CHILE COMO DICE APOYARA A KAST ❤",UCfBJA-2zPYkqhwAKoivHQZw,UgwSQjVhZivosXZDGQ54AaABAg,https://www.youtube.com/watch?v=Fg6UbUrwC4U&lc=UgwSQjVhZivosXZDGQ54AaABAg
72,,@marisolcespedes8607,"2025-11-17 23:56:35",1,yes,no,"Quienes apoyan a Kast, tienen que denostar para expresarse.  No habla bien de ustedes.",UCJByWg5puWVPNMis-AZL4kw,UgyHr5xgDvkeiXHnHSl4AaABAg,https://www.youtube.com/watch?v=Fg6UbUrwC4U&lc=UgyHr5xgDvkeiXHnHSl4AaABAg
73,,@mrlink1312,"2025-11-17 23:56:35",2,yes,no,"Puede que la desinformación y el control de los poderosos, a través de los medios y las mentiras de la derecha ganen esta vez, pero más temprano q tarde los resultados hablarán por sí mismos, y el pueblo saldrá a las calles otra vez. El pueblo sin memoria está condenado a repetir los mismos errores",UCm-1FFVw00UemRSowFxMqlg,UgyYQEo8gArapx1qECl4AaABAg,https://www.youtube.com/watch?v=Fg6UbUrwC4U&lc=UgyYQEo8gArapx1qECl4AaABAg
74,,@silviaalvarado6167,"2025-11-17 23:56:35",1,yes,no,"Kast    porsupuesto   presidente   chile   noóoo    más   comunista",UCPv3oq1s_iZxyoeEi7McP3Q,Ugw7XHMDkSR_7pwlB4J4AaABAg,https://www.youtube.com/watch?v=Fg6UbUrwC4U&lc=Ugw7XHMDkSR_7pwlB4J4AaABAg
75,,@AmericaGrande-k7b,"2025-11-17 23:56:40",3,yes,no,"CHILE..✨️✨️✨️🎻 !!!",UCj0MFEqnJyLA0C08Wg0qZlQ,Ugzq4LqZxhj5XD34W5x4AaABAg,https://www.youtube.com/watch?v=Fg6UbUrwC4U&lc=Ugzq4LqZxhj5XD34W5x4AaABAg
76,,@ElCorsariox,"2025-11-17 23:56:40",1,yes,no,"Se han dado cuenta que la gente mas inteligente es de centro izquierda? La derecha solo apela al miedo y la ignoracia, sin ideas, sin proyecto, solo ataques, no quieren lo mejor para Chile,  quieren lo mejor para su propio bolsillos",UCgInrypYX_37vihfLIDyTtA,UgxAqC5y8LQotEgJFSB4AaABAg,https://www.youtube.com/watch?v=Fg6UbUrwC4U&lc=UgxAqC5y8LQotEgJFSB4AaABAg
77,,@FernandoDiaz-dz7xt,"2025-11-17 23:56:40",1,yes,no,"CAGO EL CHE COPETE",UCOauT3G-YTBQMpPkRe93e4g,UgxX_LKxn-xXP5V132p4AaABAg,https://www.youtube.com/watch?v=Fg6UbUrwC4U&lc=UgxX_LKxn-xXP5V132p4AaABAg
78,,@Hav666,"2025-11-17 23:56:40",1,yes,no,"Van a votar por el único que estuvo en contra de la ley cholito, el único que no quiso devolver la plata de los cobros le luz excesivo, fuimos wenos, chile país de wns.",UC7vSb5SfiOxbED5Nu5CPjwA,UgyRi3FEinnBGciFuMR4AaABAg,https://www.youtube.com/watch?v=Fg6UbUrwC4U&lc=UgyRi3FEinnBGciFuMR4AaABAg
79,,@HectorAntonioBurgosFilla,"2025-11-17 23:56:40",9,yes,no,"No votaré nunca por JARA, CHILENOS DESPIERTEN QUIEREN UN PAIS COMO CUBA, COMO VENEZUELA ESO QUIEREN ... KAST NO HAY OTRO AHORA.",UCMYysWJZP34B8Y0nGCU0IoQ,UgyrcRAjJYnXB0C08Xd4AaABAg,https://www.youtube.com/watch?v=Fg6UbUrwC4U&lc=UgyrcRAjJYnXB0C08Xd4AaABAg
80,,@JorgeSaez-g6i1t,"2025-11-17 23:56:40",1,yes,no,"El problema que ahí quien apoya a estas personas comunistas son los que quieren vivir del cuento y a la vez no le interesa la democracia y los que apoyan al conservador es porque quieren un chile próspero y mejorar su economía doméstica",UCJvcHzwXcTXv3OIGF5PXs6A,Ugy3YqM5mlwo2nyIZrl4AaABAg,https://www.youtube.com/watch?v=Fg6UbUrwC4U&lc=Ugy3YqM5mlwo2nyIZrl4AaABAg
81,,@NellyCampos-r4w,"2025-11-17 23:56:40",1,yes,no,"Jara presidenta",UCpVdkCAT6LsO2thj6in_lMw,Ugxq0yMNSTj-M3rlQ7l4AaABAg,https://www.youtube.com/watch?v=Fg6UbUrwC4U&lc=Ugxq0yMNSTj-M3rlQ7l4AaABAg
82,,@NellyCampos-r4w,"2025-11-17 23:56:40",1,yes,no,"Vamos jara presidenta",UCpVdkCAT6LsO2thj6in_lMw,UgylJoxro_fVZUWxG2p4AaABAg,https://www.youtube.com/watch?v=Fg6UbUrwC4U&lc=UgylJoxro_fVZUWxG2p4AaABAg
83,,@NellyCampos-r4w,"2025-11-17 23:56:40",2,yes,no,"Y como pueden votar por un nazi que no iso nada por la jente cuando estaba en  el poder solo rechasaba todo😢",UCpVdkCAT6LsO2thj6in_lMw,UgwclEZqS9Xg396rkfN4AaABAg,https://www.youtube.com/watch?v=Fg6UbUrwC4U&lc=UgwclEZqS9Xg396rkfN4AaABAg
84,,@YOELPIXULA666,"2025-11-17 23:56:40",1,yes,no,"EN EL UNICO MOMENTO QUE PUEDE DEFENDER SU CAMPAÑA Y PROYECTO, EL KAKAS DECIDE HABLAR DE JARA Y BORIC, COME PORONGA",UC2zxm9onaT58h7m4KLPWf7A,UgxwKex3tYpiy5yMj414AaABAg,https://www.youtube.com/watch?v=Fg6UbUrwC4U&lc=UgxwKex3tYpiy5yMj414AaABAg
85,,@andresopazo-bz5ri,"2025-11-17 23:56:40",1,yes,no,"no al nazismo !!! por chile libre y diverso",UCSQC2rETVI3GzzCVNn_MYpA,UgxfPoH19PEjGAc8WlF4AaABAg,https://www.youtube.com/watch?v=Fg6UbUrwC4U&lc=UgxfPoH19PEjGAc8WlF4AaABAg
86,,@antonietamunozlegue7922,"2025-11-17 23:56:40",1,yes,no,"Debiera hacer su campaña sumando y restando en hablar en contra de la otra candidata.",UCosatvUiRHdvglC-VdnQbeA,UgwOV4Ymn9zRM24meD94AaABAg,https://www.youtube.com/watch?v=Fg6UbUrwC4U&lc=UgwOV4Ymn9zRM24meD94AaABAg
87,,@berlinmagaproducciones3838,"2025-11-17 23:56:40",1,yes,no,"Desde Berlin apoyamos a Jeannete Jara, mujer, inteligente y muy preparada para gobernar.",UCaJKLicTaz8u-GfuXqXIU9Q,UgyFERgnYwo_WPuJs0h4AaABAg,https://www.youtube.com/watch?v=Fg6UbUrwC4U&lc=UgyFERgnYwo_WPuJs0h4AaABAg
88,,@bixocrackerkey227,"2025-11-17 23:56:40",9,yes,no,"Preferible kas porque muy bonito que el sueldo suba pero por oferta y demanda las cosas subirán y eso dejará a chile en la ruina en economía y más si la economía ya está mal",UChff9RCk-Tj9tIa-khd7XZQ,Ugz8i1alLvVVcQrukXB4AaABAg,https://www.youtube.com/watch?v=Fg6UbUrwC4U&lc=Ugz8i1alLvVVcQrukXB4AaABAg
89,,@buscadoryt4321,"2025-11-17 23:56:40",5,yes,no,"Va a ganar Kast",UCLbwMS5KPUiaMixm6jjV61Q,Ugxzlrx67okEcWJTEVd4AaABAg,https://www.youtube.com/watch?v=Fg6UbUrwC4U&lc=Ugxzlrx67okEcWJTEVd4AaABAg
90,,@franciscomirandasuarez166,"2025-11-17 23:56:40",9,yes,no,"cero posibilidad JARA.....será un testimonio...",UCzm4haRe6i_sH0rQcRgeEfA,UgxGYw5FrDu9IkAN4LR4AaABAg,https://www.youtube.com/watch?v=Fg6UbUrwC4U&lc=UgxGYw5FrDu9IkAN4LR4AaABAg
91,,@jerefuenzalidab,"2025-11-17 23:56:40",1,yes,no,"Cobreloa 🤝 J.A. Kast",UCJcRsJKk5F4UjHL2Fzlxa8g,UgyGpEatkuq-p04zaJN4AaABAg,https://www.youtube.com/watch?v=Fg6UbUrwC4U&lc=UgyGpEatkuq-p04zaJN4AaABAg
92,,@jorellana2007,"2025-11-17 23:56:40",2,yes,no,"es la primera minoría.",UCRsGQYoZDi3rUgKaikFIUOA,UgyeJDFHZZ2TkgdMcFZ4AaABAg,https://www.youtube.com/watch?v=Fg6UbUrwC4U&lc=UgyeJDFHZZ2TkgdMcFZ4AaABAg
93,,@noquidealgas,"2025-11-17 23:56:40",1,yes,no,"Andan cn la media 🍐🍐🍐🍐",UClZ1ez7vmtxeet0CTanFnFQ,UgyW-XYdfdc3JdJN1pt4AaABAg,https://www.youtube.com/watch?v=Fg6UbUrwC4U&lc=UgyW-XYdfdc3JdJN1pt4AaABAg
94,,@pabloabata4635,"2025-11-17 23:56:40",3,yes,no,"Voté Kaiser así que ahora votaré Kast.",UCZkWIl4jzJpZp_VSkohahoQ,UgxaUe7ZVARvhTtC6_N4AaABAg,https://www.youtube.com/watch?v=Fg6UbUrwC4U&lc=UgxaUe7ZVARvhTtC6_N4AaABAg
95,,@alfredotroncosov.9214,"2025-11-18 23:56:21",1,yes,no,"La candidata del Mega no está con buena expectativa...😂😂😂",UCbBa83ubR0pqaKXXwmyeGZQ,UgxTtcdDoFsWGjXo7rp4AaABAg,https://www.youtube.com/watch?v=Fg6UbUrwC4U&lc=UgxTtcdDoFsWGjXo7rp4AaABAg
96,,@francoalejandrooyarzohuiri1303,"2025-11-18 23:56:21",1,yes,no,"Puntos importantes jajajajajajaja la manipulación de los votos 😂😂😂",UCmIww-4x-THhM0UfkSRRxPg,UgwRYP8h44njkqbDMVl4AaABAg,https://www.youtube.com/watch?v=Fg6UbUrwC4U&lc=UgwRYP8h44njkqbDMVl4AaABAg
97,,@jorgerozas6360,"2025-11-18 23:56:21",1,yes,no,"No al fascismo de la ultra",UC9X6CcUpoRgbkPJERc3-www,UgyECaXMpT5vhEh3mhN4AaABAg,https://www.youtube.com/watch?v=Fg6UbUrwC4U&lc=UgyECaXMpT5vhEh3mhN4AaABAg
98,,@monoespacial,"2025-11-18 23:56:21",1,yes,no,"Quería ser informado, pero este video es insoportable. Una reportera que habla sin parar de una forma poco natural, con una música insoportable de fondo. ¿Algún podcast bueno que me de la información que este video intenta dar?",UCSnVxXB9FNkGL_jAhxj3saA,UgyMqisT7qJobmc6mk54AaABAg,https://www.youtube.com/watch?v=Fg6UbUrwC4U&lc=UgyMqisT7qJobmc6mk54AaABAg
99,,@cesarbautista8633,"2025-11-20 04:56:21",1,yes,no,"Pregunta para los chilenos de un dominicano!. Quién usted cree qué puede ganar la segunda vuelta....?",UCOQGhzJsPJQ0oIAoszMUm2A,UgzD75IndgIv1HoaMwF4AaABAg,https://www.youtube.com/watch?v=Fg6UbUrwC4U&lc=UgzD75IndgIv1HoaMwF4AaABAg
100,,@JuanbautistaEspinozaramire-r7v,"2025-11-20 17:56:21",1,yes,no,"La salvaoion de chile es José Antonio kast",UC_76Jtwbxn-sehafzH8WyPw,UgwS_96FAAhsWdnQaY94AaABAg,https://www.youtube.com/watch?v=Fg6UbUrwC4U&lc=UgwS_96FAAhsWdnQaY94AaABAg
